sample_id,activity,well,plate_id,timepoint,date,time,actual_temperature
2,222,A1,1,0,1/25/26,12:43:14 PM,20.2
2,233,A1,1,1,1/25/26,2:09:01 PM,22.5
2,238,A1,1,2,1/25/26,3:05:48 PM,23.4
2,248,A1,1,3,1/25/26,4:09:01 PM,24
2,0,A10,1,0,1/25/26,12:43:14 PM,20.2
2,0,A10,1,1,1/25/26,2:09:01 PM,22.5
2,0,A10,1,2,1/25/26,3:05:48 PM,23.4
2,2819,A10,1,3,1/25/26,4:09:01 PM,24
2,0,A11,1,0,1/25/26,12:43:14 PM,20.2
2,0,A11,1,1,1/25/26,2:09:01 PM,22.5
2,0,A11,1,2,1/25/26,3:05:48 PM,23.4
2,2730,A11,1,3,1/25/26,4:09:01 PM,24
2,0,A12,1,0,1/25/26,12:43:14 PM,20.2
2,0,A12,1,1,1/25/26,2:09:01 PM,22.5
2,0,A12,1,2,1/25/26,3:05:48 PM,23.4
2,2789,A12,1,3,1/25/26,4:09:01 PM,24
2,226,A2,1,0,1/25/26,12:43:14 PM,20.2
2,230,A2,1,1,1/25/26,2:09:01 PM,22.5
2,224,A2,1,2,1/25/26,3:05:48 PM,23.4
2,229,A2,1,3,1/25/26,4:09:01 PM,24
2,231,A3,1,0,1/25/26,12:43:14 PM,20.2
2,229,A3,1,1,1/25/26,2:09:01 PM,22.5
2,221,A3,1,2,1/25/26,3:05:48 PM,23.4
2,224,A3,1,3,1/25/26,4:09:01 PM,24
2,0,A4,1,0,1/25/26,12:43:14 PM,20.2
2,2020,A4,1,1,1/25/26,2:09:01 PM,22.5
2,1959,A4,1,2,1/25/26,3:05:48 PM,23.4
2,1923,A4,1,3,1/25/26,4:09:01 PM,24
2,0,A5,1,0,1/25/26,12:43:14 PM,20.2
2,1919,A5,1,1,1/25/26,2:09:01 PM,22.5
2,1854,A5,1,2,1/25/26,3:05:48 PM,23.4
2,1817,A5,1,3,1/25/26,4:09:01 PM,24
2,0,A6,1,0,1/25/26,12:43:14 PM,20.2
2,2029,A6,1,1,1/25/26,2:09:01 PM,22.5
2,1959,A6,1,2,1/25/26,3:05:48 PM,23.4
2,1921,A6,1,3,1/25/26,4:09:01 PM,24
2,0,A7,1,0,1/25/26,12:43:14 PM,20.2
2,0,A7,1,1,1/25/26,2:09:01 PM,22.5
2,2387,A7,1,2,1/25/26,3:05:48 PM,23.4
2,2293,A7,1,3,1/25/26,4:09:01 PM,24
2,0,A8,1,0,1/25/26,12:43:14 PM,20.2
2,0,A8,1,1,1/25/26,2:09:01 PM,22.5
2,2349,A8,1,2,1/25/26,3:05:48 PM,23.4
2,2250,A8,1,3,1/25/26,4:09:01 PM,24
2,0,A9,1,0,1/25/26,12:43:14 PM,20.2
2,0,A9,1,1,1/25/26,2:09:01 PM,22.5
2,2411,A9,1,2,1/25/26,3:05:48 PM,23.4
2,2295,A9,1,3,1/25/26,4:09:01 PM,24
3,244,B1,1,0,1/25/26,12:43:14 PM,20.2
3,259,B1,1,1,1/25/26,2:09:01 PM,22.5
3,256,B1,1,2,1/25/26,3:05:48 PM,23.4
3,266,B1,1,3,1/25/26,4:09:01 PM,24
3,0,B10,1,0,1/25/26,12:43:14 PM,20.2
3,0,B10,1,1,1/25/26,2:09:01 PM,22.5
3,0,B10,1,2,1/25/26,3:05:48 PM,23.4
3,3173,B10,1,3,1/25/26,4:09:01 PM,24
3,0,B11,1,0,1/25/26,12:43:14 PM,20.2
3,0,B11,1,1,1/25/26,2:09:01 PM,22.5
3,0,B11,1,2,1/25/26,3:05:48 PM,23.4
3,3186,B11,1,3,1/25/26,4:09:01 PM,24
3,0,B12,1,0,1/25/26,12:43:14 PM,20.2
3,0,B12,1,1,1/25/26,2:09:01 PM,22.5
3,0,B12,1,2,1/25/26,3:05:48 PM,23.4
3,3078,B12,1,3,1/25/26,4:09:01 PM,24
3,240,B2,1,0,1/25/26,12:43:14 PM,20.2
3,253,B2,1,1,1/25/26,2:09:01 PM,22.5
3,254,B2,1,2,1/25/26,3:05:48 PM,23.4
3,263,B2,1,3,1/25/26,4:09:01 PM,24
3,244,B3,1,0,1/25/26,12:43:14 PM,20.2
3,262,B3,1,1,1/25/26,2:09:01 PM,22.5
3,267,B3,1,2,1/25/26,3:05:48 PM,23.4
3,276,B3,1,3,1/25/26,4:09:01 PM,24
3,0,B4,1,0,1/25/26,12:43:14 PM,20.2
3,1855,B4,1,1,1/25/26,2:09:01 PM,22.5
3,1826,B4,1,2,1/25/26,3:05:48 PM,23.4
3,1793,B4,1,3,1/25/26,4:09:01 PM,24
3,0,B5,1,0,1/25/26,12:43:14 PM,20.2
3,1888,B5,1,1,1/25/26,2:09:01 PM,22.5
3,1823,B5,1,2,1/25/26,3:05:48 PM,23.4
3,1787,B5,1,3,1/25/26,4:09:01 PM,24
3,0,B6,1,0,1/25/26,12:43:14 PM,20.2
3,1897,B6,1,1,1/25/26,2:09:01 PM,22.5
3,1858,B6,1,2,1/25/26,3:05:48 PM,23.4
3,1837,B6,1,3,1/25/26,4:09:01 PM,24
3,0,B7,1,0,1/25/26,12:43:14 PM,20.2
3,0,B7,1,1,1/25/26,2:09:01 PM,22.5
3,2365,B7,1,2,1/25/26,3:05:48 PM,23.4
3,2285,B7,1,3,1/25/26,4:09:01 PM,24
3,0,B8,1,0,1/25/26,12:43:14 PM,20.2
3,0,B8,1,1,1/25/26,2:09:01 PM,22.5
3,2330,B8,1,2,1/25/26,3:05:48 PM,23.4
3,2265,B8,1,3,1/25/26,4:09:01 PM,24
3,0,B9,1,0,1/25/26,12:43:14 PM,20.2
3,0,B9,1,1,1/25/26,2:09:01 PM,22.5
3,2300,B9,1,2,1/25/26,3:05:48 PM,23.4
3,2248,B9,1,3,1/25/26,4:09:01 PM,24
4,315,C1,1,0,1/25/26,12:43:14 PM,20.2
4,317,C1,1,1,1/25/26,2:09:01 PM,22.5
4,315,C1,1,2,1/25/26,3:05:48 PM,23.4
4,319,C1,1,3,1/25/26,4:09:01 PM,24
4,0,C10,1,0,1/25/26,12:43:14 PM,20.2
4,0,C10,1,1,1/25/26,2:09:01 PM,22.5
4,1,C10,1,2,1/25/26,3:05:48 PM,23.4
4,3224,C10,1,3,1/25/26,4:09:01 PM,24
4,0,C11,1,0,1/25/26,12:43:14 PM,20.2
4,0,C11,1,1,1/25/26,2:09:01 PM,22.5
4,0,C11,1,2,1/25/26,3:05:48 PM,23.4
4,3159,C11,1,3,1/25/26,4:09:01 PM,24
4,0,C12,1,0,1/25/26,12:43:14 PM,20.2
4,0,C12,1,1,1/25/26,2:09:01 PM,22.5
4,0,C12,1,2,1/25/26,3:05:48 PM,23.4
4,3159,C12,1,3,1/25/26,4:09:01 PM,24
4,305,C2,1,0,1/25/26,12:43:14 PM,20.2
4,308,C2,1,1,1/25/26,2:09:01 PM,22.5
4,307,C2,1,2,1/25/26,3:05:48 PM,23.4
4,310,C2,1,3,1/25/26,4:09:01 PM,24
4,314,C3,1,0,1/25/26,12:43:14 PM,20.2
4,317,C3,1,1,1/25/26,2:09:01 PM,22.5
4,317,C3,1,2,1/25/26,3:05:48 PM,23.4
4,323,C3,1,3,1/25/26,4:09:01 PM,24
4,0,C4,1,0,1/25/26,12:43:14 PM,20.2
4,2569,C4,1,1,1/25/26,2:09:01 PM,22.5
4,2475,C4,1,2,1/25/26,3:05:48 PM,23.4
4,2407,C4,1,3,1/25/26,4:09:01 PM,24
4,0,C5,1,0,1/25/26,12:43:14 PM,20.2
4,2479,C5,1,1,1/25/26,2:09:01 PM,22.5
4,2407,C5,1,2,1/25/26,3:05:48 PM,23.4
4,2343,C5,1,3,1/25/26,4:09:01 PM,24
4,0,C6,1,0,1/25/26,12:43:14 PM,20.2
4,2629,C6,1,1,1/25/26,2:09:01 PM,22.5
4,2536,C6,1,2,1/25/26,3:05:48 PM,23.4
4,2470,C6,1,3,1/25/26,4:09:01 PM,24
4,0,C7,1,0,1/25/26,12:43:14 PM,20.2
4,1,C7,1,1,1/25/26,2:09:01 PM,22.5
4,2851,C7,1,2,1/25/26,3:05:48 PM,23.4
4,2756,C7,1,3,1/25/26,4:09:01 PM,24
4,0,C8,1,0,1/25/26,12:43:14 PM,20.2
4,0,C8,1,1,1/25/26,2:09:01 PM,22.5
4,2957,C8,1,2,1/25/26,3:05:48 PM,23.4
4,2867,C8,1,3,1/25/26,4:09:01 PM,24
4,0,C9,1,0,1/25/26,12:43:14 PM,20.2
4,0,C9,1,1,1/25/26,2:09:01 PM,22.5
4,2906,C9,1,2,1/25/26,3:05:48 PM,23.4
4,2790,C9,1,3,1/25/26,4:09:01 PM,24
5,248,D1,1,0,1/25/26,12:43:14 PM,20.2
5,260,D1,1,1,1/25/26,2:09:01 PM,22.5
5,261,D1,1,2,1/25/26,3:05:48 PM,23.4
5,263,D1,1,3,1/25/26,4:09:01 PM,24
5,0,D10,1,0,1/25/26,12:43:14 PM,20.2
5,0,D10,1,1,1/25/26,2:09:01 PM,22.5
5,3,D10,1,2,1/25/26,3:05:48 PM,23.4
5,3611,D10,1,3,1/25/26,4:09:01 PM,24
5,0,D11,1,0,1/25/26,12:43:14 PM,20.2
5,0,D11,1,1,1/25/26,2:09:01 PM,22.5
5,0,D11,1,2,1/25/26,3:05:48 PM,23.4
5,3574,D11,1,3,1/25/26,4:09:01 PM,24
5,0,D12,1,0,1/25/26,12:43:14 PM,20.2
5,0,D12,1,1,1/25/26,2:09:01 PM,22.5
5,0,D12,1,2,1/25/26,3:05:48 PM,23.4
5,3529,D12,1,3,1/25/26,4:09:01 PM,24
5,267,D2,1,0,1/25/26,12:43:14 PM,20.2
5,283,D2,1,1,1/25/26,2:09:01 PM,22.5
5,284,D2,1,2,1/25/26,3:05:48 PM,23.4
5,289,D2,1,3,1/25/26,4:09:01 PM,24
5,267,D3,1,0,1/25/26,12:43:14 PM,20.2
5,274,D3,1,1,1/25/26,2:09:01 PM,22.5
5,275,D3,1,2,1/25/26,3:05:48 PM,23.4
5,276,D3,1,3,1/25/26,4:09:01 PM,24
5,1,D4,1,0,1/25/26,12:43:14 PM,20.2
5,2476,D4,1,1,1/25/26,2:09:01 PM,22.5
5,2355,D4,1,2,1/25/26,3:05:48 PM,23.4
5,2303,D4,1,3,1/25/26,4:09:01 PM,24
5,0,D5,1,0,1/25/26,12:43:14 PM,20.2
5,2280,D5,1,1,1/25/26,2:09:01 PM,22.5
5,2158,D5,1,2,1/25/26,3:05:48 PM,23.4
5,2103,D5,1,3,1/25/26,4:09:01 PM,24
5,1,D6,1,0,1/25/26,12:43:14 PM,20.2
5,2414,D6,1,1,1/25/26,2:09:01 PM,22.5
5,2275,D6,1,2,1/25/26,3:05:48 PM,23.4
5,2235,D6,1,3,1/25/26,4:09:01 PM,24
5,0,D7,1,0,1/25/26,12:43:14 PM,20.2
5,1,D7,1,1,1/25/26,2:09:01 PM,22.5
5,3095,D7,1,2,1/25/26,3:05:48 PM,23.4
5,2957,D7,1,3,1/25/26,4:09:01 PM,24
5,0,D8,1,0,1/25/26,12:43:14 PM,20.2
5,0,D8,1,1,1/25/26,2:09:01 PM,22.5
5,2970,D8,1,2,1/25/26,3:05:48 PM,23.4
5,2860,D8,1,3,1/25/26,4:09:01 PM,24
5,0,D9,1,0,1/25/26,12:43:14 PM,20.2
5,0,D9,1,1,1/25/26,2:09:01 PM,22.5
5,2923,D9,1,2,1/25/26,3:05:48 PM,23.4
5,2823,D9,1,3,1/25/26,4:09:01 PM,24
91,3,E1,1,0,1/25/26,12:43:14 PM,20.2
91,3,E1,1,1,1/25/26,2:09:01 PM,22.5
91,2,E1,1,2,1/25/26,3:05:48 PM,23.4
91,3,E1,1,3,1/25/26,4:09:01 PM,24
91,0,E10,1,0,1/25/26,12:43:14 PM,20.2
91,0,E10,1,1,1/25/26,2:09:01 PM,22.5
91,1,E10,1,2,1/25/26,3:05:48 PM,23.4
91,27,E10,1,3,1/25/26,4:09:01 PM,24
91,0,E11,1,0,1/25/26,12:43:14 PM,20.2
91,0,E11,1,1,1/25/26,2:09:01 PM,22.5
91,0,E11,1,2,1/25/26,3:05:48 PM,23.4
91,32,E11,1,3,1/25/26,4:09:01 PM,24
91,0,E12,1,0,1/25/26,12:43:14 PM,20.2
91,0,E12,1,1,1/25/26,2:09:01 PM,22.5
91,0,E12,1,2,1/25/26,3:05:48 PM,23.4
91,27,E12,1,3,1/25/26,4:09:01 PM,24
91,2,E2,1,0,1/25/26,12:43:14 PM,20.2
91,1,E2,1,1,1/25/26,2:09:01 PM,22.5
91,0,E2,1,2,1/25/26,3:05:48 PM,23.4
91,0,E2,1,3,1/25/26,4:09:01 PM,24
91,2,E3,1,0,1/25/26,12:43:14 PM,20.2
91,1,E3,1,1,1/25/26,2:09:01 PM,22.5
91,0,E3,1,2,1/25/26,3:05:48 PM,23.4
91,1,E3,1,3,1/25/26,4:09:01 PM,24
91,0,E4,1,0,1/25/26,12:43:14 PM,20.2
91,2,E4,1,1,1/25/26,2:09:01 PM,22.5
91,3,E4,1,2,1/25/26,3:05:48 PM,23.4
91,2,E4,1,3,1/25/26,4:09:01 PM,24
91,0,E5,1,0,1/25/26,12:43:14 PM,20.2
91,1,E5,1,1,1/25/26,2:09:01 PM,22.5
91,3,E5,1,2,1/25/26,3:05:48 PM,23.4
91,1,E5,1,3,1/25/26,4:09:01 PM,24
91,1,E6,1,0,1/25/26,12:43:14 PM,20.2
91,3,E6,1,1,1/25/26,2:09:01 PM,22.5
91,2,E6,1,2,1/25/26,3:05:48 PM,23.4
91,2,E6,1,3,1/25/26,4:09:01 PM,24
91,0,E7,1,0,1/25/26,12:43:14 PM,20.2
91,1,E7,1,1,1/25/26,2:09:01 PM,22.5
91,19,E7,1,2,1/25/26,3:05:48 PM,23.4
91,18,E7,1,3,1/25/26,4:09:01 PM,24
91,0,E8,1,0,1/25/26,12:43:14 PM,20.2
91,1,E8,1,1,1/25/26,2:09:01 PM,22.5
91,18,E8,1,2,1/25/26,3:05:48 PM,23.4
91,17,E8,1,3,1/25/26,4:09:01 PM,24
91,0,E9,1,0,1/25/26,12:43:14 PM,20.2
91,0,E9,1,1,1/25/26,2:09:01 PM,22.5
91,18,E9,1,2,1/25/26,3:05:48 PM,23.4
91,18,E9,1,3,1/25/26,4:09:01 PM,24
92,2,F1,1,0,1/25/26,12:43:14 PM,20.2
92,1,F1,1,1,1/25/26,2:09:01 PM,22.5
92,1,F1,1,2,1/25/26,3:05:48 PM,23.4
92,1,F1,1,3,1/25/26,4:09:01 PM,24
92,2,F10,1,0,1/25/26,12:43:14 PM,20.2
92,1,F10,1,1,1/25/26,2:09:01 PM,22.5
92,1,F10,1,2,1/25/26,3:05:48 PM,23.4
92,8,F10,1,3,1/25/26,4:09:01 PM,24
92,0,F11,1,0,1/25/26,12:43:14 PM,20.2
92,0,F11,1,1,1/25/26,2:09:01 PM,22.5
92,0,F11,1,2,1/25/26,3:05:48 PM,23.4
92,9,F11,1,3,1/25/26,4:09:01 PM,24
92,0,F12,1,0,1/25/26,12:43:14 PM,20.2
92,0,F12,1,1,1/25/26,2:09:01 PM,22.5
92,1,F12,1,2,1/25/26,3:05:48 PM,23.4
92,8,F12,1,3,1/25/26,4:09:01 PM,24
92,1,F2,1,0,1/25/26,12:43:14 PM,20.2
92,0,F2,1,1,1/25/26,2:09:01 PM,22.5
92,0,F2,1,2,1/25/26,3:05:48 PM,23.4
92,0,F2,1,3,1/25/26,4:09:01 PM,24
92,1,F3,1,0,1/25/26,12:43:14 PM,20.2
92,1,F3,1,1,1/25/26,2:09:01 PM,22.5
92,0,F3,1,2,1/25/26,3:05:48 PM,23.4
92,1,F3,1,3,1/25/26,4:09:01 PM,24
92,1,F4,1,0,1/25/26,12:43:14 PM,20.2
92,1,F4,1,1,1/25/26,2:09:01 PM,22.5
92,1,F4,1,2,1/25/26,3:05:48 PM,23.4
92,1,F4,1,3,1/25/26,4:09:01 PM,24
92,0,F5,1,0,1/25/26,12:43:14 PM,20.2
92,0,F5,1,1,1/25/26,2:09:01 PM,22.5
92,1,F5,1,2,1/25/26,3:05:48 PM,23.4
92,1,F5,1,3,1/25/26,4:09:01 PM,24
92,1,F6,1,0,1/25/26,12:43:14 PM,20.2
92,2,F6,1,1,1/25/26,2:09:01 PM,22.5
92,2,F6,1,2,1/25/26,3:05:48 PM,23.4
92,3,F6,1,3,1/25/26,4:09:01 PM,24
92,1,F7,1,0,1/25/26,12:43:14 PM,20.2
92,0,F7,1,1,1/25/26,2:09:01 PM,22.5
92,4,F7,1,2,1/25/26,3:05:48 PM,23.4
92,4,F7,1,3,1/25/26,4:09:01 PM,24
92,0,F8,1,0,1/25/26,12:43:14 PM,20.2
92,0,F8,1,1,1/25/26,2:09:01 PM,22.5
92,6,F8,1,2,1/25/26,3:05:48 PM,23.4
92,5,F8,1,3,1/25/26,4:09:01 PM,24
92,1,F9,1,0,1/25/26,12:43:14 PM,20.2
92,0,F9,1,1,1/25/26,2:09:01 PM,22.5
92,5,F9,1,2,1/25/26,3:05:48 PM,23.4
92,5,F9,1,3,1/25/26,4:09:01 PM,24
10,241,G1,1,0,1/25/26,12:43:14 PM,20.2
10,250,G1,1,1,1/25/26,2:09:01 PM,22.5
10,250,G1,1,2,1/25/26,3:05:48 PM,23.4
10,244,G1,1,3,1/25/26,4:09:01 PM,24
10,1,G10,1,0,1/25/26,12:43:14 PM,20.2
10,2,G10,1,1,1/25/26,2:09:01 PM,22.5
10,2,G10,1,2,1/25/26,3:05:48 PM,23.4
10,251,G10,1,3,1/25/26,4:09:01 PM,24
10,1,G11,1,0,1/25/26,12:43:14 PM,20.2
10,0,G11,1,1,1/25/26,2:09:01 PM,22.5
10,0,G11,1,2,1/25/26,3:05:48 PM,23.4
10,248,G11,1,3,1/25/26,4:09:01 PM,24
10,0,G12,1,0,1/25/26,12:43:14 PM,20.2
10,1,G12,1,1,1/25/26,2:09:01 PM,22.5
10,0,G12,1,2,1/25/26,3:05:48 PM,23.4
10,247,G12,1,3,1/25/26,4:09:01 PM,24
10,244,G2,1,0,1/25/26,12:43:14 PM,20.2
10,256,G2,1,1,1/25/26,2:09:01 PM,22.5
10,257,G2,1,2,1/25/26,3:05:48 PM,23.4
10,254,G2,1,3,1/25/26,4:09:01 PM,24
10,245,G3,1,0,1/25/26,12:43:14 PM,20.2
10,254,G3,1,1,1/25/26,2:09:01 PM,22.5
10,257,G3,1,2,1/25/26,3:05:48 PM,23.4
10,255,G3,1,3,1/25/26,4:09:01 PM,24
10,2,G4,1,0,1/25/26,12:43:14 PM,20.2
10,243,G4,1,1,1/25/26,2:09:01 PM,22.5
10,243,G4,1,2,1/25/26,3:05:48 PM,23.4
10,239,G4,1,3,1/25/26,4:09:01 PM,24
10,1,G5,1,0,1/25/26,12:43:14 PM,20.2
10,243,G5,1,1,1/25/26,2:09:01 PM,22.5
10,243,G5,1,2,1/25/26,3:05:48 PM,23.4
10,241,G5,1,3,1/25/26,4:09:01 PM,24
10,0,G6,1,0,1/25/26,12:43:14 PM,20.2
10,239,G6,1,1,1/25/26,2:09:01 PM,22.5
10,237,G6,1,2,1/25/26,3:05:48 PM,23.4
10,232,G6,1,3,1/25/26,4:09:01 PM,24
10,0,G7,1,0,1/25/26,12:43:14 PM,20.2
10,0,G7,1,1,1/25/26,2:09:01 PM,22.5
10,247,G7,1,2,1/25/26,3:05:48 PM,23.4
10,245,G7,1,3,1/25/26,4:09:01 PM,24
10,0,G8,1,0,1/25/26,12:43:14 PM,20.2
10,0,G8,1,1,1/25/26,2:09:01 PM,22.5
10,246,G8,1,2,1/25/26,3:05:48 PM,23.4
10,242,G8,1,3,1/25/26,4:09:01 PM,24
10,1,G9,1,0,1/25/26,12:43:14 PM,20.2
10,0,G9,1,1,1/25/26,2:09:01 PM,22.5
10,245,G9,1,2,1/25/26,3:05:48 PM,23.4
10,240,G9,1,3,1/25/26,4:09:01 PM,24
11,230,H1,1,0,1/25/26,12:43:14 PM,20.2
11,242,H1,1,1,1/25/26,2:09:01 PM,22.5
11,240,H1,1,2,1/25/26,3:05:48 PM,23.4
11,232,H1,1,3,1/25/26,4:09:01 PM,24
11,1,H10,1,0,1/25/26,12:43:14 PM,20.2
11,0,H10,1,1,1/25/26,2:09:01 PM,22.5
11,0,H10,1,2,1/25/26,3:05:48 PM,23.4
11,247,H10,1,3,1/25/26,4:09:01 PM,24
11,0,H11,1,0,1/25/26,12:43:14 PM,20.2
11,0,H11,1,1,1/25/26,2:09:01 PM,22.5
11,0,H11,1,2,1/25/26,3:05:48 PM,23.4
11,241,H11,1,3,1/25/26,4:09:01 PM,24
11,1,H12,1,0,1/25/26,12:43:14 PM,20.2
11,0,H12,1,1,1/25/26,2:09:01 PM,22.5
11,1,H12,1,2,1/25/26,3:05:48 PM,23.4
11,243,H12,1,3,1/25/26,4:09:01 PM,24
11,234,H2,1,0,1/25/26,12:43:14 PM,20.2
11,242,H2,1,1,1/25/26,2:09:01 PM,22.5
11,240,H2,1,2,1/25/26,3:05:48 PM,23.4
11,235,H2,1,3,1/25/26,4:09:01 PM,24
11,242,H3,1,0,1/25/26,12:43:14 PM,20.2
11,258,H3,1,1,1/25/26,2:09:01 PM,22.5
11,259,H3,1,2,1/25/26,3:05:48 PM,23.4
11,259,H3,1,3,1/25/26,4:09:01 PM,24
11,1,H4,1,0,1/25/26,12:43:14 PM,20.2
11,243,H4,1,1,1/25/26,2:09:01 PM,22.5
11,240,H4,1,2,1/25/26,3:05:48 PM,23.4
11,236,H4,1,3,1/25/26,4:09:01 PM,24
11,0,H5,1,0,1/25/26,12:43:14 PM,20.2
11,237,H5,1,1,1/25/26,2:09:01 PM,22.5
11,235,H5,1,2,1/25/26,3:05:48 PM,23.4
11,234,H5,1,3,1/25/26,4:09:01 PM,24
11,0,H6,1,0,1/25/26,12:43:14 PM,20.2
11,243,H6,1,1,1/25/26,2:09:01 PM,22.5
11,241,H6,1,2,1/25/26,3:05:48 PM,23.4
11,236,H6,1,3,1/25/26,4:09:01 PM,24
11,0,H7,1,0,1/25/26,12:43:14 PM,20.2
11,0,H7,1,1,1/25/26,2:09:01 PM,22.5
11,246,H7,1,2,1/25/26,3:05:48 PM,23.4
11,249,H7,1,3,1/25/26,4:09:01 PM,24
11,1,H8,1,0,1/25/26,12:43:14 PM,20.2
11,0,H8,1,1,1/25/26,2:09:01 PM,22.5
11,240,H8,1,2,1/25/26,3:05:48 PM,23.4
11,237,H8,1,3,1/25/26,4:09:01 PM,24
11,0,H9,1,0,1/25/26,12:43:14 PM,20.2
11,1,H9,1,1,1/25/26,2:09:01 PM,22.5
11,242,H9,1,2,1/25/26,3:05:48 PM,23.4
11,237,H9,1,3,1/25/26,4:09:01 PM,24
6,540,A1,2,0,1/25/26,12:54:37 PM,20.2
6,516,A1,2,1,1/25/26,2:11:39 PM,22.5
6,505,A1,2,2,1/25/26,3:08:38 PM,23.4
6,504,A1,2,3,1/25/26,4:11:36 PM,24
6,0,A10,2,0,1/25/26,12:54:37 PM,20.2
6,0,A10,2,1,1/25/26,2:11:39 PM,22.5
6,3,A10,2,2,1/25/26,3:08:38 PM,23.4
6,7034,A10,2,3,1/25/26,4:11:36 PM,24
6,2,A11,2,0,1/25/26,12:54:37 PM,20.2
6,1,A11,2,1,1/25/26,2:11:39 PM,22.5
6,1,A11,2,2,1/25/26,3:08:38 PM,23.4
6,6158,A11,2,3,1/25/26,4:11:36 PM,24
6,0,A12,2,0,1/25/26,12:54:37 PM,20.2
6,0,A12,2,1,1/25/26,2:11:39 PM,22.5
6,0,A12,2,2,1/25/26,3:08:38 PM,23.4
6,6507,A12,2,3,1/25/26,4:11:36 PM,24
6,442,A2,2,0,1/25/26,12:54:37 PM,20.2
6,429,A2,2,1,1/25/26,2:11:39 PM,22.5
6,419,A2,2,2,1/25/26,3:08:38 PM,23.4
6,415,A2,2,3,1/25/26,4:11:36 PM,24
6,501,A3,2,0,1/25/26,12:54:37 PM,20.2
6,481,A3,2,1,1/25/26,2:11:39 PM,22.5
6,473,A3,2,2,1/25/26,3:08:38 PM,23.4
6,471,A3,2,3,1/25/26,4:11:36 PM,24
6,0,A4,2,0,1/25/26,12:54:37 PM,20.2
6,3478,A4,2,1,1/25/26,2:11:39 PM,22.5
6,3421,A4,2,2,1/25/26,3:08:38 PM,23.4
6,3357,A4,2,3,1/25/26,4:11:36 PM,24
6,0,A5,2,0,1/25/26,12:54:37 PM,20.2
6,3405,A5,2,1,1/25/26,2:11:39 PM,22.5
6,3370,A5,2,2,1/25/26,3:08:38 PM,23.4
6,3316,A5,2,3,1/25/26,4:11:36 PM,24
6,0,A6,2,0,1/25/26,12:54:37 PM,20.2
6,3602,A6,2,1,1/25/26,2:11:39 PM,22.5
6,3567,A6,2,2,1/25/26,3:08:38 PM,23.4
6,3516,A6,2,3,1/25/26,4:11:36 PM,24
6,0,A7,2,0,1/25/26,12:54:37 PM,20.2
6,0,A7,2,1,1/25/26,2:11:39 PM,22.5
6,5103,A7,2,2,1/25/26,3:08:38 PM,23.4
6,5026,A7,2,3,1/25/26,4:11:36 PM,24
6,0,A8,2,0,1/25/26,12:54:37 PM,20.2
6,0,A8,2,1,1/25/26,2:11:39 PM,22.5
6,4332,A8,2,2,1/25/26,3:08:38 PM,23.4
6,4289,A8,2,3,1/25/26,4:11:36 PM,24
6,0,A9,2,0,1/25/26,12:54:37 PM,20.2
6,0,A9,2,1,1/25/26,2:11:39 PM,22.5
6,5036,A9,2,2,1/25/26,3:08:38 PM,23.4
6,4519,A9,2,3,1/25/26,4:11:36 PM,24
7,234,B1,2,0,1/25/26,12:54:37 PM,20.2
7,253,B1,2,1,1/25/26,2:11:39 PM,22.5
7,259,B1,2,2,1/25/26,3:08:38 PM,23.4
7,263,B1,2,3,1/25/26,4:11:36 PM,24
7,0,B10,2,0,1/25/26,12:54:37 PM,20.2
7,0,B10,2,1,1/25/26,2:11:39 PM,22.5
7,1,B10,2,2,1/25/26,3:08:38 PM,23.4
7,3377,B10,2,3,1/25/26,4:11:36 PM,24
7,1,B11,2,0,1/25/26,12:54:37 PM,20.2
7,0,B11,2,1,1/25/26,2:11:39 PM,22.5
7,0,B11,2,2,1/25/26,3:08:38 PM,23.4
7,3461,B11,2,3,1/25/26,4:11:36 PM,24
7,0,B12,2,0,1/25/26,12:54:37 PM,20.2
7,0,B12,2,1,1/25/26,2:11:39 PM,22.5
7,0,B12,2,2,1/25/26,3:08:38 PM,23.4
7,3298,B12,2,3,1/25/26,4:11:36 PM,24
7,236,B2,2,0,1/25/26,12:54:37 PM,20.2
7,255,B2,2,1,1/25/26,2:11:39 PM,22.5
7,258,B2,2,2,1/25/26,3:08:38 PM,23.4
7,261,B2,2,3,1/25/26,4:11:36 PM,24
7,434,B3,2,0,1/25/26,12:54:37 PM,20.2
7,434,B3,2,1,1/25/26,2:11:39 PM,22.5
7,433,B3,2,2,1/25/26,3:08:38 PM,23.4
7,432,B3,2,3,1/25/26,4:11:36 PM,24
7,1,B4,2,0,1/25/26,12:54:37 PM,20.2
7,2495,B4,2,1,1/25/26,2:11:39 PM,22.5
7,2482,B4,2,2,1/25/26,3:08:38 PM,23.4
7,2449,B4,2,3,1/25/26,4:11:36 PM,24
7,0,B5,2,0,1/25/26,12:54:37 PM,20.2
7,2121,B5,2,1,1/25/26,2:11:39 PM,22.5
7,2132,B5,2,2,1/25/26,3:08:38 PM,23.4
7,2108,B5,2,3,1/25/26,4:11:36 PM,24
7,0,B6,2,0,1/25/26,12:54:37 PM,20.2
7,2100,B6,2,1,1/25/26,2:11:39 PM,22.5
7,2097,B6,2,2,1/25/26,3:08:38 PM,23.4
7,2076,B6,2,3,1/25/26,4:11:36 PM,24
7,0,B7,2,0,1/25/26,12:54:37 PM,20.2
7,2,B7,2,1,1/25/26,2:11:39 PM,22.5
7,2329,B7,2,2,1/25/26,3:08:38 PM,23.4
7,2299,B7,2,3,1/25/26,4:11:36 PM,24
7,1,B8,2,0,1/25/26,12:54:37 PM,20.2
7,1,B8,2,1,1/25/26,2:11:39 PM,22.5
7,2324,B8,2,2,1/25/26,3:08:38 PM,23.4
7,2280,B8,2,3,1/25/26,4:11:36 PM,24
7,0,B9,2,0,1/25/26,12:54:37 PM,20.2
7,0,B9,2,1,1/25/26,2:11:39 PM,22.5
7,2314,B9,2,2,1/25/26,3:08:38 PM,23.4
7,2280,B9,2,3,1/25/26,4:11:36 PM,24
8,240,C1,2,0,1/25/26,12:54:37 PM,20.2
8,258,C1,2,1,1/25/26,2:11:39 PM,22.5
8,262,C1,2,2,1/25/26,3:08:38 PM,23.4
8,269,C1,2,3,1/25/26,4:11:36 PM,24
8,2,C10,2,0,1/25/26,12:54:37 PM,20.2
8,1,C10,2,1,1/25/26,2:11:39 PM,22.5
8,2,C10,2,2,1/25/26,3:08:38 PM,23.4
8,2138,C10,2,3,1/25/26,4:11:36 PM,24
8,0,C11,2,0,1/25/26,12:54:37 PM,20.2
8,1,C11,2,1,1/25/26,2:11:39 PM,22.5
8,0,C11,2,2,1/25/26,3:08:38 PM,23.4
8,2016,C11,2,3,1/25/26,4:11:36 PM,24
8,2,C12,2,0,1/25/26,12:54:37 PM,20.2
8,2,C12,2,1,1/25/26,2:11:39 PM,22.5
8,1,C12,2,2,1/25/26,3:08:38 PM,23.4
8,2061,C12,2,3,1/25/26,4:11:36 PM,24
8,229,C2,2,0,1/25/26,12:54:37 PM,20.2
8,252,C2,2,1,1/25/26,2:11:39 PM,22.5
8,260,C2,2,2,1/25/26,3:08:38 PM,23.4
8,266,C2,2,3,1/25/26,4:11:36 PM,24
8,237,C3,2,0,1/25/26,12:54:37 PM,20.2
8,254,C3,2,1,1/25/26,2:11:39 PM,22.5
8,258,C3,2,2,1/25/26,3:08:38 PM,23.4
8,267,C3,2,3,1/25/26,4:11:36 PM,24
8,2,C4,2,0,1/25/26,12:54:37 PM,20.2
8,1997,C4,2,1,1/25/26,2:11:39 PM,22.5
8,1950,C4,2,2,1/25/26,3:08:38 PM,23.4
8,1920,C4,2,3,1/25/26,4:11:36 PM,24
8,1,C5,2,0,1/25/26,12:54:37 PM,20.2
8,1916,C5,2,1,1/25/26,2:11:39 PM,22.5
8,1864,C5,2,2,1/25/26,3:08:38 PM,23.4
8,1839,C5,2,3,1/25/26,4:11:36 PM,24
8,2,C6,2,0,1/25/26,12:54:37 PM,20.2
8,1841,C6,2,1,1/25/26,2:11:39 PM,22.5
8,1821,C6,2,2,1/25/26,3:08:38 PM,23.4
8,1804,C6,2,3,1/25/26,4:11:36 PM,24
8,0,C7,2,0,1/25/26,12:54:37 PM,20.2
8,2,C7,2,1,1/25/26,2:11:39 PM,22.5
8,1982,C7,2,2,1/25/26,3:08:38 PM,23.4
8,2049,C7,2,3,1/25/26,4:11:36 PM,24
8,2,C8,2,0,1/25/26,12:54:37 PM,20.2
8,0,C8,2,1,1/25/26,2:11:39 PM,22.5
8,1867,C8,2,2,1/25/26,3:08:38 PM,23.4
8,1867,C8,2,3,1/25/26,4:11:36 PM,24
8,0,C9,2,0,1/25/26,12:54:37 PM,20.2
8,1,C9,2,1,1/25/26,2:11:39 PM,22.5
8,2019,C9,2,2,1/25/26,3:08:38 PM,23.4
8,1999,C9,2,3,1/25/26,4:11:36 PM,24
9,439,D1,2,0,1/25/26,12:54:37 PM,20.2
9,438,D1,2,1,1/25/26,2:11:39 PM,22.5
9,433,D1,2,2,1/25/26,3:08:38 PM,23.4
9,430,D1,2,3,1/25/26,4:11:36 PM,24
9,1,D10,2,0,1/25/26,12:54:37 PM,20.2
9,2,D10,2,1,1/25/26,2:11:39 PM,22.5
9,3,D10,2,2,1/25/26,3:08:38 PM,23.4
9,2238,D10,2,3,1/25/26,4:11:36 PM,24
9,3,D11,2,0,1/25/26,12:54:37 PM,20.2
9,2,D11,2,1,1/25/26,2:11:39 PM,22.5
9,2,D11,2,2,1/25/26,3:08:38 PM,23.4
9,2253,D11,2,3,1/25/26,4:11:36 PM,24
9,0,D12,2,0,1/25/26,12:54:37 PM,20.2
9,0,D12,2,1,1/25/26,2:11:39 PM,22.5
9,0,D12,2,2,1/25/26,3:08:38 PM,23.4
9,2082,D12,2,3,1/25/26,4:11:36 PM,24
9,471,D2,2,0,1/25/26,12:54:37 PM,20.2
9,466,D2,2,1,1/25/26,2:11:39 PM,22.5
9,463,D2,2,2,1/25/26,3:08:38 PM,23.4
9,463,D2,2,3,1/25/26,4:11:36 PM,24
9,444,D3,2,0,1/25/26,12:54:37 PM,20.2
9,453,D3,2,1,1/25/26,2:11:39 PM,22.5
9,453,D3,2,2,1/25/26,3:08:38 PM,23.4
9,447,D3,2,3,1/25/26,4:11:36 PM,24
9,3,D4,2,0,1/25/26,12:54:37 PM,20.2
9,1457,D4,2,1,1/25/26,2:11:39 PM,22.5
9,1420,D4,2,2,1/25/26,3:08:38 PM,23.4
9,1392,D4,2,3,1/25/26,4:11:36 PM,24
9,1,D5,2,0,1/25/26,12:54:37 PM,20.2
9,1459,D5,2,1,1/25/26,2:11:39 PM,22.5
9,1416,D5,2,2,1/25/26,3:08:38 PM,23.4
9,1399,D5,2,3,1/25/26,4:11:36 PM,24
9,4,D6,2,0,1/25/26,12:54:37 PM,20.2
9,1382,D6,2,1,1/25/26,2:11:39 PM,22.5
9,1370,D6,2,2,1/25/26,3:08:38 PM,23.4
9,1351,D6,2,3,1/25/26,4:11:36 PM,24
9,2,D7,2,0,1/25/26,12:54:37 PM,20.2
9,4,D7,2,1,1/25/26,2:11:39 PM,22.5
9,1548,D7,2,2,1/25/26,3:08:38 PM,23.4
9,1529,D7,2,3,1/25/26,4:11:36 PM,24
9,2,D8,2,0,1/25/26,12:54:37 PM,20.2
9,2,D8,2,1,1/25/26,2:11:39 PM,22.5
9,1494,D8,2,2,1/25/26,3:08:38 PM,23.4
9,1481,D8,2,3,1/25/26,4:11:36 PM,24
9,3,D9,2,0,1/25/26,12:54:37 PM,20.2
9,2,D9,2,1,1/25/26,2:11:39 PM,22.5
9,1494,D9,2,2,1/25/26,3:08:38 PM,23.4
9,1470,D9,2,3,1/25/26,4:11:36 PM,24
93,32,E1,2,0,1/25/26,12:54:37 PM,20.2
93,59,E1,2,1,1/25/26,2:11:39 PM,22.5
93,60,E1,2,2,1/25/26,3:08:38 PM,23.4
93,57,E1,2,3,1/25/26,4:11:36 PM,24
93,1,E10,2,0,1/25/26,12:54:37 PM,20.2
93,0,E10,2,1,1/25/26,2:11:39 PM,22.5
93,0,E10,2,2,1/25/26,3:08:38 PM,23.4
93,93,E10,2,3,1/25/26,4:11:36 PM,24
93,0,E11,2,0,1/25/26,12:54:37 PM,20.2
93,0,E11,2,1,1/25/26,2:11:39 PM,22.5
93,0,E11,2,2,1/25/26,3:08:38 PM,23.4
93,40,E11,2,3,1/25/26,4:11:36 PM,24
93,1,E12,2,0,1/25/26,12:54:37 PM,20.2
93,0,E12,2,1,1/25/26,2:11:39 PM,22.5
93,0,E12,2,2,1/25/26,3:08:38 PM,23.4
93,62,E12,2,3,1/25/26,4:11:36 PM,24
93,49,E2,2,0,1/25/26,12:54:37 PM,20.2
93,202,E2,2,1,1/25/26,2:11:39 PM,22.5
93,272,E2,2,2,1/25/26,3:08:38 PM,23.4
93,328,E2,2,3,1/25/26,4:11:36 PM,24
93,52,E3,2,0,1/25/26,12:54:37 PM,20.2
93,85,E3,2,1,1/25/26,2:11:39 PM,22.5
93,90,E3,2,2,1/25/26,3:08:38 PM,23.4
93,94,E3,2,3,1/25/26,4:11:36 PM,24
93,5,E4,2,0,1/25/26,12:54:37 PM,20.2
93,49,E4,2,1,1/25/26,2:11:39 PM,22.5
93,219,E4,2,2,1/25/26,3:08:38 PM,23.4
93,397,E4,2,3,1/25/26,4:11:36 PM,24
93,6,E5,2,0,1/25/26,12:54:37 PM,20.2
93,63,E5,2,1,1/25/26,2:11:39 PM,22.5
93,311,E5,2,2,1/25/26,3:08:38 PM,23.4
93,486,E5,2,3,1/25/26,4:11:36 PM,24
93,5,E6,2,0,1/25/26,12:54:37 PM,20.2
93,50,E6,2,1,1/25/26,2:11:39 PM,22.5
93,135,E6,2,2,1/25/26,3:08:38 PM,23.4
93,190,E6,2,3,1/25/26,4:11:36 PM,24
93,4,E7,2,0,1/25/26,12:54:37 PM,20.2
93,3,E7,2,1,1/25/26,2:11:39 PM,22.5
93,45,E7,2,2,1/25/26,3:08:38 PM,23.4
93,126,E7,2,3,1/25/26,4:11:36 PM,24
93,4,E8,2,0,1/25/26,12:54:37 PM,20.2
93,3,E8,2,1,1/25/26,2:11:39 PM,22.5
93,45,E8,2,2,1/25/26,3:08:38 PM,23.4
93,164,E8,2,3,1/25/26,4:11:36 PM,24
93,5,E9,2,0,1/25/26,12:54:37 PM,20.2
93,4,E9,2,1,1/25/26,2:11:39 PM,22.5
93,110,E9,2,2,1/25/26,3:08:38 PM,23.4
93,274,E9,2,3,1/25/26,4:11:36 PM,24
94,107,F1,2,0,1/25/26,12:54:37 PM,20.2
94,258,F1,2,1,1/25/26,2:11:39 PM,22.5
94,311,F1,2,2,1/25/26,3:08:38 PM,23.4
94,364,F1,2,3,1/25/26,4:11:36 PM,24
94,1,F10,2,0,1/25/26,12:54:37 PM,20.2
94,3,F10,2,1,1/25/26,2:11:39 PM,22.5
94,2,F10,2,2,1/25/26,3:08:38 PM,23.4
94,32,F10,2,3,1/25/26,4:11:36 PM,24
94,2,F11,2,0,1/25/26,12:54:37 PM,20.2
94,1,F11,2,1,1/25/26,2:11:39 PM,22.5
94,2,F11,2,2,1/25/26,3:08:38 PM,23.4
94,22,F11,2,3,1/25/26,4:11:36 PM,24
94,1,F12,2,0,1/25/26,12:54:37 PM,20.2
94,1,F12,2,1,1/25/26,2:11:39 PM,22.5
94,1,F12,2,2,1/25/26,3:08:38 PM,23.4
94,62,F12,2,3,1/25/26,4:11:36 PM,24
94,164,F2,2,0,1/25/26,12:54:37 PM,20.2
94,272,F2,2,1,1/25/26,2:11:39 PM,22.5
94,280,F2,2,2,1/25/26,3:08:38 PM,23.4
94,280,F2,2,3,1/25/26,4:11:36 PM,24
94,43,F3,2,0,1/25/26,12:54:37 PM,20.2
94,101,F3,2,1,1/25/26,2:11:39 PM,22.5
94,127,F3,2,2,1/25/26,3:08:38 PM,23.4
94,145,F3,2,3,1/25/26,4:11:36 PM,24
94,5,F4,2,0,1/25/26,12:54:37 PM,20.2
94,194,F4,2,1,1/25/26,2:11:39 PM,22.5
94,570,F4,2,2,1/25/26,3:08:38 PM,23.4
94,613,F4,2,3,1/25/26,4:11:36 PM,24
94,3,F5,2,0,1/25/26,12:54:37 PM,20.2
94,69,F5,2,1,1/25/26,2:11:39 PM,22.5
94,164,F5,2,2,1/25/26,3:08:38 PM,23.4
94,203,F5,2,3,1/25/26,4:11:36 PM,24
94,1,F6,2,0,1/25/26,12:54:37 PM,20.2
94,48,F6,2,1,1/25/26,2:11:39 PM,22.5
94,134,F6,2,2,1/25/26,3:08:38 PM,23.4
94,199,F6,2,3,1/25/26,4:11:36 PM,24
94,4,F7,2,0,1/25/26,12:54:37 PM,20.2
94,2,F7,2,1,1/25/26,2:11:39 PM,22.5
94,54,F7,2,2,1/25/26,3:08:38 PM,23.4
94,143,F7,2,3,1/25/26,4:11:36 PM,24
94,5,F8,2,0,1/25/26,12:54:37 PM,20.2
94,4,F8,2,1,1/25/26,2:11:39 PM,22.5
94,92,F8,2,2,1/25/26,3:08:38 PM,23.4
94,326,F8,2,3,1/25/26,4:11:36 PM,24
94,3,F9,2,0,1/25/26,12:54:37 PM,20.2
94,2,F9,2,1,1/25/26,2:11:39 PM,22.5
94,62,F9,2,2,1/25/26,3:08:38 PM,23.4
94,144,F9,2,3,1/25/26,4:11:36 PM,24
12,221,G1,2,0,1/25/26,12:54:37 PM,20.2
12,232,G1,2,1,1/25/26,2:11:39 PM,22.5
12,231,G1,2,2,1/25/26,3:08:38 PM,23.4
12,227,G1,2,3,1/25/26,4:11:36 PM,24
12,4,G10,2,0,1/25/26,12:54:37 PM,20.2
12,3,G10,2,1,1/25/26,2:11:39 PM,22.5
12,4,G10,2,2,1/25/26,3:08:38 PM,23.4
12,231,G10,2,3,1/25/26,4:11:36 PM,24
12,2,G11,2,0,1/25/26,12:54:37 PM,20.2
12,0,G11,2,1,1/25/26,2:11:39 PM,22.5
12,0,G11,2,2,1/25/26,3:08:38 PM,23.4
12,212,G11,2,3,1/25/26,4:11:36 PM,24
12,1,G12,2,0,1/25/26,12:54:37 PM,20.2
12,0,G12,2,1,1/25/26,2:11:39 PM,22.5
12,0,G12,2,2,1/25/26,3:08:38 PM,23.4
12,210,G12,2,3,1/25/26,4:11:36 PM,24
12,219,G2,2,0,1/25/26,12:54:37 PM,20.2
12,235,G2,2,1,1/25/26,2:11:39 PM,22.5
12,235,G2,2,2,1/25/26,3:08:38 PM,23.4
12,234,G2,2,3,1/25/26,4:11:36 PM,24
12,221,G3,2,0,1/25/26,12:54:37 PM,20.2
12,238,G3,2,1,1/25/26,2:11:39 PM,22.5
12,239,G3,2,2,1/25/26,3:08:38 PM,23.4
12,242,G3,2,3,1/25/26,4:11:36 PM,24
12,2,G4,2,0,1/25/26,12:54:37 PM,20.2
12,226,G4,2,1,1/25/26,2:11:39 PM,22.5
12,225,G4,2,2,1/25/26,3:08:38 PM,23.4
12,226,G4,2,3,1/25/26,4:11:36 PM,24
12,1,G5,2,0,1/25/26,12:54:37 PM,20.2
12,212,G5,2,1,1/25/26,2:11:39 PM,22.5
12,216,G5,2,2,1/25/26,3:08:38 PM,23.4
12,217,G5,2,3,1/25/26,4:11:36 PM,24
12,2,G6,2,0,1/25/26,12:54:37 PM,20.2
12,219,G6,2,1,1/25/26,2:11:39 PM,22.5
12,224,G6,2,2,1/25/26,3:08:38 PM,23.4
12,226,G6,2,3,1/25/26,4:11:36 PM,24
12,0,G7,2,0,1/25/26,12:54:37 PM,20.2
12,0,G7,2,1,1/25/26,2:11:39 PM,22.5
12,227,G7,2,2,1/25/26,3:08:38 PM,23.4
12,228,G7,2,3,1/25/26,4:11:36 PM,24
12,2,G8,2,0,1/25/26,12:54:37 PM,20.2
12,1,G8,2,1,1/25/26,2:11:39 PM,22.5
12,212,G8,2,2,1/25/26,3:08:38 PM,23.4
12,226,G8,2,3,1/25/26,4:11:36 PM,24
12,5,G9,2,0,1/25/26,12:54:37 PM,20.2
12,3,G9,2,1,1/25/26,2:11:39 PM,22.5
12,217,G9,2,2,1/25/26,3:08:38 PM,23.4
12,232,G9,2,3,1/25/26,4:11:36 PM,24
71,230,H1,2,0,1/25/26,12:54:37 PM,20.2
71,237,H1,2,1,1/25/26,2:11:39 PM,22.5
71,237,H1,2,2,1/25/26,3:08:38 PM,23.4
71,239,H1,2,3,1/25/26,4:11:36 PM,24
71,0,H10,2,0,1/25/26,12:54:37 PM,20.2
71,1,H10,2,1,1/25/26,2:11:39 PM,22.5
71,0,H10,2,2,1/25/26,3:08:38 PM,23.4
71,239,H10,2,3,1/25/26,4:11:36 PM,24
71,0,H11,2,0,1/25/26,12:54:37 PM,20.2
71,0,H11,2,1,1/25/26,2:11:39 PM,22.5
71,1,H11,2,2,1/25/26,3:08:38 PM,23.4
71,230,H11,2,3,1/25/26,4:11:36 PM,24
71,0,H12,2,0,1/25/26,12:54:37 PM,20.2
71,1,H12,2,1,1/25/26,2:11:39 PM,22.5
71,0,H12,2,2,1/25/26,3:08:38 PM,23.4
71,233,H12,2,3,1/25/26,4:11:36 PM,24
71,223,H2,2,0,1/25/26,12:54:37 PM,20.2
71,232,H2,2,1,1/25/26,2:11:39 PM,22.5
71,232,H2,2,2,1/25/26,3:08:38 PM,23.4
71,230,H2,2,3,1/25/26,4:11:36 PM,24
71,235,H3,2,0,1/25/26,12:54:37 PM,20.2
71,236,H3,2,1,1/25/26,2:11:39 PM,22.5
71,234,H3,2,2,1/25/26,3:08:38 PM,23.4
71,232,H3,2,3,1/25/26,4:11:36 PM,24
71,1,H4,2,0,1/25/26,12:54:37 PM,20.2
71,238,H4,2,1,1/25/26,2:11:39 PM,22.5
71,236,H4,2,2,1/25/26,3:08:38 PM,23.4
71,236,H4,2,3,1/25/26,4:11:36 PM,24
71,1,H5,2,0,1/25/26,12:54:37 PM,20.2
71,231,H5,2,1,1/25/26,2:11:39 PM,22.5
71,229,H5,2,2,1/25/26,3:08:38 PM,23.4
71,230,H5,2,3,1/25/26,4:11:36 PM,24
71,0,H6,2,0,1/25/26,12:54:37 PM,20.2
71,238,H6,2,1,1/25/26,2:11:39 PM,22.5
71,238,H6,2,2,1/25/26,3:08:38 PM,23.4
71,236,H6,2,3,1/25/26,4:11:36 PM,24
71,1,H7,2,0,1/25/26,12:54:37 PM,20.2
71,1,H7,2,1,1/25/26,2:11:39 PM,22.5
71,236,H7,2,2,1/25/26,3:08:38 PM,23.4
71,241,H7,2,3,1/25/26,4:11:36 PM,24
71,0,H8,2,0,1/25/26,12:54:37 PM,20.2
71,0,H8,2,1,1/25/26,2:11:39 PM,22.5
71,232,H8,2,2,1/25/26,3:08:38 PM,23.4
71,233,H8,2,3,1/25/26,4:11:36 PM,24
71,1,H9,2,0,1/25/26,12:54:37 PM,20.2
71,0,H9,2,1,1/25/26,2:11:39 PM,22.5
71,233,H9,2,2,1/25/26,3:08:38 PM,23.4
71,235,H9,2,3,1/25/26,4:11:36 PM,24
2,3496,A1,3,4,1/25/26,5:04:06 PM,24.2
2,3449,A1,3,5,1/25/26,6:04:18 PM,24.1
2,0,A10,3,4,1/25/26,5:04:06 PM,24.2
2,0,A10,3,5,1/25/26,6:04:18 PM,24.1
2,0,A11,3,4,1/25/26,5:04:06 PM,24.2
2,0,A11,3,5,1/25/26,6:04:18 PM,24.1
2,0,A12,3,4,1/25/26,5:04:06 PM,24.2
2,0,A12,3,5,1/25/26,6:04:18 PM,24.1
2,3533,A2,3,4,1/25/26,5:04:06 PM,24.2
2,3497,A2,3,5,1/25/26,6:04:18 PM,24.1
2,3524,A3,3,4,1/25/26,5:04:06 PM,24.2
2,3456,A3,3,5,1/25/26,6:04:18 PM,24.1
2,0,A4,3,4,1/25/26,5:04:06 PM,24.2
2,4084,A4,3,5,1/25/26,6:04:18 PM,24.1
2,0,A5,3,4,1/25/26,5:04:06 PM,24.2
2,4104,A5,3,5,1/25/26,6:04:18 PM,24.1
2,0,A6,3,4,1/25/26,5:04:06 PM,24.2
2,3933,A6,3,5,1/25/26,6:04:18 PM,24.1
2,0,A7,3,4,1/25/26,5:04:06 PM,24.2
2,0,A7,3,5,1/25/26,6:04:18 PM,24.1
2,0,A8,3,4,1/25/26,5:04:06 PM,24.2
2,0,A8,3,5,1/25/26,6:04:18 PM,24.1
2,0,A9,3,4,1/25/26,5:04:06 PM,24.2
2,0,A9,3,5,1/25/26,6:04:18 PM,24.1
3,9,B1,3,4,1/25/26,5:04:06 PM,24.2
3,9,B1,3,5,1/25/26,6:04:18 PM,24.1
3,0,B10,3,4,1/25/26,5:04:06 PM,24.2
3,0,B10,3,5,1/25/26,6:04:18 PM,24.1
3,0,B11,3,4,1/25/26,5:04:06 PM,24.2
3,0,B11,3,5,1/25/26,6:04:18 PM,24.1
3,0,B12,3,4,1/25/26,5:04:06 PM,24.2
3,0,B12,3,5,1/25/26,6:04:18 PM,24.1
3,11,B2,3,4,1/25/26,5:04:06 PM,24.2
3,12,B2,3,5,1/25/26,6:04:18 PM,24.1
3,17,B3,3,4,1/25/26,5:04:06 PM,24.2
3,19,B3,3,5,1/25/26,6:04:18 PM,24.1
3,1,B4,3,4,1/25/26,5:04:06 PM,24.2
3,13,B4,3,5,1/25/26,6:04:18 PM,24.1
3,0,B5,3,4,1/25/26,5:04:06 PM,24.2
3,11,B5,3,5,1/25/26,6:04:18 PM,24.1
3,0,B6,3,4,1/25/26,5:04:06 PM,24.2
3,9,B6,3,5,1/25/26,6:04:18 PM,24.1
3,0,B7,3,4,1/25/26,5:04:06 PM,24.2
3,0,B7,3,5,1/25/26,6:04:18 PM,24.1
3,0,B8,3,4,1/25/26,5:04:06 PM,24.2
3,0,B8,3,5,1/25/26,6:04:18 PM,24.1
3,0,B9,3,4,1/25/26,5:04:06 PM,24.2
3,0,B9,3,5,1/25/26,6:04:18 PM,24.1
4,3107,C1,3,4,1/25/26,5:04:06 PM,24.2
4,3079,C1,3,5,1/25/26,6:04:18 PM,24.1
4,1,C10,3,4,1/25/26,5:04:06 PM,24.2
4,0,C10,3,5,1/25/26,6:04:18 PM,24.1
4,2,C11,3,4,1/25/26,5:04:06 PM,24.2
4,2,C11,3,5,1/25/26,6:04:18 PM,24.1
4,0,C12,3,4,1/25/26,5:04:06 PM,24.2
4,0,C12,3,5,1/25/26,6:04:18 PM,24.1
4,3204,C2,3,4,1/25/26,5:04:06 PM,24.2
4,3161,C2,3,5,1/25/26,6:04:18 PM,24.1
4,3254,C3,3,4,1/25/26,5:04:06 PM,24.2
4,3218,C3,3,5,1/25/26,6:04:18 PM,24.1
4,9,C4,3,4,1/25/26,5:04:06 PM,24.2
4,3533,C4,3,5,1/25/26,6:04:18 PM,24.1
4,6,C5,3,4,1/25/26,5:04:06 PM,24.2
4,3376,C5,3,5,1/25/26,6:04:18 PM,24.1
4,0,C6,3,4,1/25/26,5:04:06 PM,24.2
4,3237,C6,3,5,1/25/26,6:04:18 PM,24.1
4,3,C7,3,4,1/25/26,5:04:06 PM,24.2
4,5,C7,3,5,1/25/26,6:04:18 PM,24.1
4,8,C8,3,4,1/25/26,5:04:06 PM,24.2
4,8,C8,3,5,1/25/26,6:04:18 PM,24.1
4,0,C9,3,4,1/25/26,5:04:06 PM,24.2
4,0,C9,3,5,1/25/26,6:04:18 PM,24.1
5,4183,D1,3,4,1/25/26,5:04:06 PM,24.2
5,4087,D1,3,5,1/25/26,6:04:18 PM,24.1
5,1,D10,3,4,1/25/26,5:04:06 PM,24.2
5,0,D10,3,5,1/25/26,6:04:18 PM,24.1
5,0,D11,3,4,1/25/26,5:04:06 PM,24.2
5,0,D11,3,5,1/25/26,6:04:18 PM,24.1
5,1,D12,3,4,1/25/26,5:04:06 PM,24.2
5,0,D12,3,5,1/25/26,6:04:18 PM,24.1
5,4283,D2,3,4,1/25/26,5:04:06 PM,24.2
5,4191,D2,3,5,1/25/26,6:04:18 PM,24.1
5,3918,D3,3,4,1/25/26,5:04:06 PM,24.2
5,3910,D3,3,5,1/25/26,6:04:18 PM,24.1
5,8,D4,3,4,1/25/26,5:04:06 PM,24.2
5,4930,D4,3,5,1/25/26,6:04:18 PM,24.1
5,7,D5,3,4,1/25/26,5:04:06 PM,24.2
5,4867,D5,3,5,1/25/26,6:04:18 PM,24.1
5,0,D6,3,4,1/25/26,5:04:06 PM,24.2
5,4658,D6,3,5,1/25/26,6:04:18 PM,24.1
5,1,D7,3,4,1/25/26,5:04:06 PM,24.2
5,3,D7,3,5,1/25/26,6:04:18 PM,24.1
5,0,D8,3,4,1/25/26,5:04:06 PM,24.2
5,0,D8,3,5,1/25/26,6:04:18 PM,24.1
5,0,D9,3,4,1/25/26,5:04:06 PM,24.2
5,1,D9,3,5,1/25/26,6:04:18 PM,24.1
91,64,E1,3,4,1/25/26,5:04:06 PM,24.2
91,86,E1,3,5,1/25/26,6:04:18 PM,24.1
91,0,E10,3,4,1/25/26,5:04:06 PM,24.2
91,1,E10,3,5,1/25/26,6:04:18 PM,24.1
91,2,E11,3,4,1/25/26,5:04:06 PM,24.2
91,0,E11,3,5,1/25/26,6:04:18 PM,24.1
91,0,E12,3,4,1/25/26,5:04:06 PM,24.2
91,1,E12,3,5,1/25/26,6:04:18 PM,24.1
91,56,E2,3,4,1/25/26,5:04:06 PM,24.2
91,77,E2,3,5,1/25/26,6:04:18 PM,24.1
91,64,E3,3,4,1/25/26,5:04:06 PM,24.2
91,110,E3,3,5,1/25/26,6:04:18 PM,24.1
91,4,E4,3,4,1/25/26,5:04:06 PM,24.2
91,189,E4,3,5,1/25/26,6:04:18 PM,24.1
91,4,E5,3,4,1/25/26,5:04:06 PM,24.2
91,134,E5,3,5,1/25/26,6:04:18 PM,24.1
91,2,E6,3,4,1/25/26,5:04:06 PM,24.2
91,82,E6,3,5,1/25/26,6:04:18 PM,24.1
91,4,E7,3,4,1/25/26,5:04:06 PM,24.2
91,4,E7,3,5,1/25/26,6:04:18 PM,24.1
91,2,E8,3,4,1/25/26,5:04:06 PM,24.2
91,0,E8,3,5,1/25/26,6:04:18 PM,24.1
91,1,E9,3,4,1/25/26,5:04:06 PM,24.2
91,2,E9,3,5,1/25/26,6:04:18 PM,24.1
92,152,F1,3,4,1/25/26,5:04:06 PM,24.2
92,349,F1,3,5,1/25/26,6:04:18 PM,24.1
92,1,F10,3,4,1/25/26,5:04:06 PM,24.2
92,1,F10,3,5,1/25/26,6:04:18 PM,24.1
92,1,F11,3,4,1/25/26,5:04:06 PM,24.2
92,1,F11,3,5,1/25/26,6:04:18 PM,24.1
92,0,F12,3,4,1/25/26,5:04:06 PM,24.2
92,1,F12,3,5,1/25/26,6:04:18 PM,24.1
92,180,F2,3,4,1/25/26,5:04:06 PM,24.2
92,661,F2,3,5,1/25/26,6:04:18 PM,24.1
92,63,F3,3,4,1/25/26,5:04:06 PM,24.2
92,98,F3,3,5,1/25/26,6:04:18 PM,24.1
92,6,F4,3,4,1/25/26,5:04:06 PM,24.2
92,119,F4,3,5,1/25/26,6:04:18 PM,24.1
92,6,F5,3,4,1/25/26,5:04:06 PM,24.2
92,264,F5,3,5,1/25/26,6:04:18 PM,24.1
92,2,F6,3,4,1/25/26,5:04:06 PM,24.2
92,177,F6,3,5,1/25/26,6:04:18 PM,24.1
92,6,F7,3,4,1/25/26,5:04:06 PM,24.2
92,5,F7,3,5,1/25/26,6:04:18 PM,24.1
92,3,F8,3,4,1/25/26,5:04:06 PM,24.2
92,3,F8,3,5,1/25/26,6:04:18 PM,24.1
92,7,F9,3,4,1/25/26,5:04:06 PM,24.2
92,5,F9,3,5,1/25/26,6:04:18 PM,24.1
10,239,G1,3,4,1/25/26,5:04:06 PM,24.2
10,241,G1,3,5,1/25/26,6:04:18 PM,24.1
10,2,G10,3,4,1/25/26,5:04:06 PM,24.2
10,1,G10,3,5,1/25/26,6:04:18 PM,24.1
10,2,G11,3,4,1/25/26,5:04:06 PM,24.2
10,2,G11,3,5,1/25/26,6:04:18 PM,24.1
10,2,G12,3,4,1/25/26,5:04:06 PM,24.2
10,1,G12,3,5,1/25/26,6:04:18 PM,24.1
10,241,G2,3,4,1/25/26,5:04:06 PM,24.2
10,242,G2,3,5,1/25/26,6:04:18 PM,24.1
10,244,G3,3,4,1/25/26,5:04:06 PM,24.2
10,262,G3,3,5,1/25/26,6:04:18 PM,24.1
10,1,G4,3,4,1/25/26,5:04:06 PM,24.2
10,236,G4,3,5,1/25/26,6:04:18 PM,24.1
10,0,G5,3,4,1/25/26,5:04:06 PM,24.2
10,241,G5,3,5,1/25/26,6:04:18 PM,24.1
10,1,G6,3,4,1/25/26,5:04:06 PM,24.2
10,237,G6,3,5,1/25/26,6:04:18 PM,24.1
10,1,G7,3,4,1/25/26,5:04:06 PM,24.2
10,0,G7,3,5,1/25/26,6:04:18 PM,24.1
10,1,G8,3,4,1/25/26,5:04:06 PM,24.2
10,1,G8,3,5,1/25/26,6:04:18 PM,24.1
10,0,G9,3,4,1/25/26,5:04:06 PM,24.2
10,1,G9,3,5,1/25/26,6:04:18 PM,24.1
11,233,H1,3,4,1/25/26,5:04:06 PM,24.2
11,238,H1,3,5,1/25/26,6:04:18 PM,24.1
11,1,H10,3,4,1/25/26,5:04:06 PM,24.2
11,1,H10,3,5,1/25/26,6:04:18 PM,24.1
11,0,H11,3,4,1/25/26,5:04:06 PM,24.2
11,1,H11,3,5,1/25/26,6:04:18 PM,24.1
11,0,H12,3,4,1/25/26,5:04:06 PM,24.2
11,0,H12,3,5,1/25/26,6:04:18 PM,24.1
11,232,H2,3,4,1/25/26,5:04:06 PM,24.2
11,232,H2,3,5,1/25/26,6:04:18 PM,24.1
11,231,H3,3,4,1/25/26,5:04:06 PM,24.2
11,232,H3,3,5,1/25/26,6:04:18 PM,24.1
11,2,H4,3,4,1/25/26,5:04:06 PM,24.2
11,249,H4,3,5,1/25/26,6:04:18 PM,24.1
11,0,H5,3,4,1/25/26,5:04:06 PM,24.2
11,240,H5,3,5,1/25/26,6:04:18 PM,24.1
11,1,H6,3,4,1/25/26,5:04:06 PM,24.2
11,245,H6,3,5,1/25/26,6:04:18 PM,24.1
11,0,H7,3,4,1/25/26,5:04:06 PM,24.2
11,1,H7,3,5,1/25/26,6:04:18 PM,24.1
11,0,H8,3,4,1/25/26,5:04:06 PM,24.2
11,0,H8,3,5,1/25/26,6:04:18 PM,24.1
11,1,H9,3,4,1/25/26,5:04:06 PM,24.2
11,1,H9,3,5,1/25/26,6:04:18 PM,24.1
6,7919,A1,4,4,1/25/26,5:06:18 PM,24.2
6,7643,A1,4,5,1/25/26,6:06:19 PM,24.1
6,0,A10,4,4,1/25/26,5:06:18 PM,24.2
6,0,A10,4,5,1/25/26,6:06:19 PM,24.1
6,0,A11,4,4,1/25/26,5:06:18 PM,24.2
6,0,A11,4,5,1/25/26,6:06:19 PM,24.1
6,0,A12,4,4,1/25/26,5:06:18 PM,24.2
6,0,A12,4,5,1/25/26,6:06:19 PM,24.1
6,8283,A2,4,4,1/25/26,5:06:18 PM,24.2
6,8005,A2,4,5,1/25/26,6:06:19 PM,24.1
6,8023,A3,4,4,1/25/26,5:06:18 PM,24.2
6,7805,A3,4,5,1/25/26,6:06:19 PM,24.1
6,5,A4,4,4,1/25/26,5:06:18 PM,24.2
6,8193,A4,4,5,1/25/26,6:06:19 PM,24.1
6,0,A5,4,4,1/25/26,5:06:18 PM,24.2
6,8164,A5,4,5,1/25/26,6:06:19 PM,24.1
6,0,A6,4,4,1/25/26,5:06:18 PM,24.2
6,8282,A6,4,5,1/25/26,6:06:19 PM,24.1
6,0,A7,4,4,1/25/26,5:06:18 PM,24.2
6,4,A7,4,5,1/25/26,6:06:19 PM,24.1
6,0,A8,4,4,1/25/26,5:06:18 PM,24.2
6,0,A8,4,5,1/25/26,6:06:19 PM,24.1
6,0,A9,4,4,1/25/26,5:06:18 PM,24.2
6,0,A9,4,5,1/25/26,6:06:19 PM,24.1
7,3775,B1,4,4,1/25/26,5:06:18 PM,24.2
7,3647,B1,4,5,1/25/26,6:06:19 PM,24.1
7,0,B10,4,4,1/25/26,5:06:18 PM,24.2
7,0,B10,4,5,1/25/26,6:06:19 PM,24.1
7,0,B11,4,4,1/25/26,5:06:18 PM,24.2
7,0,B11,4,5,1/25/26,6:06:19 PM,24.1
7,2,B12,4,4,1/25/26,5:06:18 PM,24.2
7,1,B12,4,5,1/25/26,6:06:19 PM,24.1
7,3819,B2,4,4,1/25/26,5:06:18 PM,24.2
7,3716,B2,4,5,1/25/26,6:06:19 PM,24.1
7,3520,B3,4,4,1/25/26,5:06:18 PM,24.2
7,3465,B3,4,5,1/25/26,6:06:19 PM,24.1
7,4,B4,4,4,1/25/26,5:06:18 PM,24.2
7,3728,B4,4,5,1/25/26,6:06:19 PM,24.1
7,2,B5,4,4,1/25/26,5:06:18 PM,24.2
7,3762,B5,4,5,1/25/26,6:06:19 PM,24.1
7,2,B6,4,4,1/25/26,5:06:18 PM,24.2
7,3682,B6,4,5,1/25/26,6:06:19 PM,24.1
7,1,B7,4,4,1/25/26,5:06:18 PM,24.2
7,4,B7,4,5,1/25/26,6:06:19 PM,24.1
7,0,B8,4,4,1/25/26,5:06:18 PM,24.2
7,0,B8,4,5,1/25/26,6:06:19 PM,24.1
7,0,B9,4,4,1/25/26,5:06:18 PM,24.2
7,0,B9,4,5,1/25/26,6:06:19 PM,24.1
8,2232,C1,4,4,1/25/26,5:06:18 PM,24.2
8,2211,C1,4,5,1/25/26,6:06:19 PM,24.1
8,0,C10,4,4,1/25/26,5:06:18 PM,24.2
8,0,C10,4,5,1/25/26,6:06:19 PM,24.1
8,0,C11,4,4,1/25/26,5:06:18 PM,24.2
8,0,C11,4,5,1/25/26,6:06:19 PM,24.1
8,0,C12,4,4,1/25/26,5:06:18 PM,24.2
8,0,C12,4,5,1/25/26,6:06:19 PM,24.1
8,2164,C2,4,4,1/25/26,5:06:18 PM,24.2
8,2131,C2,4,5,1/25/26,6:06:19 PM,24.1
8,2127,C3,4,4,1/25/26,5:06:18 PM,24.2
8,2096,C3,4,5,1/25/26,6:06:19 PM,24.1
8,4,C4,4,4,1/25/26,5:06:18 PM,24.2
8,2347,C4,4,5,1/25/26,6:06:19 PM,24.1
8,1,C5,4,4,1/25/26,5:06:18 PM,24.2
8,2280,C5,4,5,1/25/26,6:06:19 PM,24.1
8,4,C6,4,4,1/25/26,5:06:18 PM,24.2
8,2341,C6,4,5,1/25/26,6:06:19 PM,24.1
8,2,C7,4,4,1/25/26,5:06:18 PM,24.2
8,4,C7,4,5,1/25/26,6:06:19 PM,24.1
8,0,C8,4,4,1/25/26,5:06:18 PM,24.2
8,0,C8,4,5,1/25/26,6:06:19 PM,24.1
8,0,C9,4,4,1/25/26,5:06:18 PM,24.2
8,0,C9,4,5,1/25/26,6:06:19 PM,24.1
9,2300,D1,4,4,1/25/26,5:06:18 PM,24.2
9,2261,D1,4,5,1/25/26,6:06:19 PM,24.1
9,1,D10,4,4,1/25/26,5:06:18 PM,24.2
9,1,D10,4,5,1/25/26,6:06:19 PM,24.1
9,0,D11,4,4,1/25/26,5:06:18 PM,24.2
9,1,D11,4,5,1/25/26,6:06:19 PM,24.1
9,0,D12,4,4,1/25/26,5:06:18 PM,24.2
9,1,D12,4,5,1/25/26,6:06:19 PM,24.1
9,2391,D2,4,4,1/25/26,5:06:18 PM,24.2
9,2341,D2,4,5,1/25/26,6:06:19 PM,24.1
9,2381,D3,4,4,1/25/26,5:06:18 PM,24.2
9,2340,D3,4,5,1/25/26,6:06:19 PM,24.1
9,2,D4,4,4,1/25/26,5:06:18 PM,24.2
9,2388,D4,4,5,1/25/26,6:06:19 PM,24.1
9,1,D5,4,4,1/25/26,5:06:18 PM,24.2
9,2448,D5,4,5,1/25/26,6:06:19 PM,24.1
9,2,D6,4,4,1/25/26,5:06:18 PM,24.2
9,2463,D6,4,5,1/25/26,6:06:19 PM,24.1
9,2,D7,4,4,1/25/26,5:06:18 PM,24.2
9,3,D7,4,5,1/25/26,6:06:19 PM,24.1
9,1,D8,4,4,1/25/26,5:06:18 PM,24.2
9,2,D8,4,5,1/25/26,6:06:19 PM,24.1
9,0,D9,4,4,1/25/26,5:06:18 PM,24.2
9,0,D9,4,5,1/25/26,6:06:19 PM,24.1
93,71,E1,4,4,1/25/26,5:06:18 PM,24.2
93,166,E1,4,5,1/25/26,6:06:19 PM,24.1
93,1,E10,4,4,1/25/26,5:06:18 PM,24.2
93,0,E10,4,5,1/25/26,6:06:19 PM,24.1
93,0,E11,4,4,1/25/26,5:06:18 PM,24.2
93,1,E11,4,5,1/25/26,6:06:19 PM,24.1
93,0,E12,4,4,1/25/26,5:06:18 PM,24.2
93,1,E12,4,5,1/25/26,6:06:19 PM,24.1
93,98,E2,4,4,1/25/26,5:06:18 PM,24.2
93,307,E2,4,5,1/25/26,6:06:19 PM,24.1
93,87,E3,4,4,1/25/26,5:06:18 PM,24.2
93,131,E3,4,5,1/25/26,6:06:19 PM,24.1
93,2,E4,4,4,1/25/26,5:06:18 PM,24.2
93,64,E4,4,5,1/25/26,6:06:19 PM,24.1
93,2,E5,4,4,1/25/26,5:06:18 PM,24.2
93,95,E5,4,5,1/25/26,6:06:19 PM,24.1
93,1,E6,4,4,1/25/26,5:06:18 PM,24.2
93,111,E6,4,5,1/25/26,6:06:19 PM,24.1
93,1,E7,4,4,1/25/26,5:06:18 PM,24.2
93,2,E7,4,5,1/25/26,6:06:19 PM,24.1
93,0,E8,4,4,1/25/26,5:06:18 PM,24.2
93,0,E8,4,5,1/25/26,6:06:19 PM,24.1
93,0,E9,4,4,1/25/26,5:06:18 PM,24.2
93,1,E9,4,5,1/25/26,6:06:19 PM,24.1
94,63,F1,4,4,1/25/26,5:06:18 PM,24.2
94,149,F1,4,5,1/25/26,6:06:19 PM,24.1
94,0,F10,4,4,1/25/26,5:06:18 PM,24.2
94,0,F10,4,5,1/25/26,6:06:19 PM,24.1
94,0,F11,4,4,1/25/26,5:06:18 PM,24.2
94,0,F11,4,5,1/25/26,6:06:19 PM,24.1
94,0,F12,4,4,1/25/26,5:06:18 PM,24.2
94,0,F12,4,5,1/25/26,6:06:19 PM,24.1
94,55,F2,4,4,1/25/26,5:06:18 PM,24.2
94,105,F2,4,5,1/25/26,6:06:19 PM,24.1
94,312,F3,4,4,1/25/26,5:06:18 PM,24.2
94,421,F3,4,5,1/25/26,6:06:19 PM,24.1
94,1,F4,4,4,1/25/26,5:06:18 PM,24.2
94,96,F4,4,5,1/25/26,6:06:19 PM,24.1
94,3,F5,4,4,1/25/26,5:06:18 PM,24.2
94,37,F5,4,5,1/25/26,6:06:19 PM,24.1
94,2,F6,4,4,1/25/26,5:06:18 PM,24.2
94,65,F6,4,5,1/25/26,6:06:19 PM,24.1
94,1,F7,4,4,1/25/26,5:06:18 PM,24.2
94,36,F7,4,5,1/25/26,6:06:19 PM,24.1
94,0,F8,4,4,1/25/26,5:06:18 PM,24.2
94,1,F8,4,5,1/25/26,6:06:19 PM,24.1
94,0,F9,4,4,1/25/26,5:06:18 PM,24.2
94,0,F9,4,5,1/25/26,6:06:19 PM,24.1
10,216,G1,4,4,1/25/26,5:06:18 PM,24.2
10,219,G1,4,5,1/25/26,6:06:19 PM,24.1
10,1,G10,4,4,1/25/26,5:06:18 PM,24.2
10,0,G10,4,5,1/25/26,6:06:19 PM,24.1
10,1,G11,4,4,1/25/26,5:06:18 PM,24.2
10,1,G11,4,5,1/25/26,6:06:19 PM,24.1
10,2,G12,4,4,1/25/26,5:06:18 PM,24.2
10,3,G12,4,5,1/25/26,6:06:19 PM,24.1
10,213,G2,4,4,1/25/26,5:06:18 PM,24.2
10,215,G2,4,5,1/25/26,6:06:19 PM,24.1
10,221,G3,4,4,1/25/26,5:06:18 PM,24.2
10,223,G3,4,5,1/25/26,6:06:19 PM,24.1
10,1,G4,4,4,1/25/26,5:06:18 PM,24.2
10,224,G4,4,5,1/25/26,6:06:19 PM,24.1
10,0,G5,4,4,1/25/26,5:06:18 PM,24.2
10,223,G5,4,5,1/25/26,6:06:19 PM,24.1
10,1,G6,4,4,1/25/26,5:06:18 PM,24.2
10,223,G6,4,5,1/25/26,6:06:19 PM,24.1
10,0,G7,4,4,1/25/26,5:06:18 PM,24.2
10,0,G7,4,5,1/25/26,6:06:19 PM,24.1
10,1,G8,4,4,1/25/26,5:06:18 PM,24.2
10,1,G8,4,5,1/25/26,6:06:19 PM,24.1
10,0,G9,4,4,1/25/26,5:06:18 PM,24.2
10,0,G9,4,5,1/25/26,6:06:19 PM,24.1
11,232,H1,4,4,1/25/26,5:06:18 PM,24.2
11,233,H1,4,5,1/25/26,6:06:19 PM,24.1
11,0,H10,4,4,1/25/26,5:06:18 PM,24.2
11,0,H10,4,5,1/25/26,6:06:19 PM,24.1
11,0,H11,4,4,1/25/26,5:06:18 PM,24.2
11,1,H11,4,5,1/25/26,6:06:19 PM,24.1
11,0,H12,4,4,1/25/26,5:06:18 PM,24.2
11,0,H12,4,5,1/25/26,6:06:19 PM,24.1
11,225,H2,4,4,1/25/26,5:06:18 PM,24.2
11,223,H2,4,5,1/25/26,6:06:19 PM,24.1
11,232,H3,4,4,1/25/26,5:06:18 PM,24.2
11,233,H3,4,5,1/25/26,6:06:19 PM,24.1
11,0,H4,4,4,1/25/26,5:06:18 PM,24.2
11,242,H4,4,5,1/25/26,6:06:19 PM,24.1
11,0,H5,4,4,1/25/26,5:06:18 PM,24.2
11,230,H5,4,5,1/25/26,6:06:19 PM,24.1
11,0,H6,4,4,1/25/26,5:06:18 PM,24.2
11,241,H6,4,5,1/25/26,6:06:19 PM,24.1
11,1,H7,4,4,1/25/26,5:06:18 PM,24.2
11,0,H7,4,5,1/25/26,6:06:19 PM,24.1
11,1,H8,4,4,1/25/26,5:06:18 PM,24.2
11,0,H8,4,5,1/25/26,6:06:19 PM,24.1
11,0,H9,4,4,1/25/26,5:06:18 PM,24.2
11,0,H9,4,5,1/25/26,6:06:19 PM,24.1